Book Id,Title,Author,Author l-f,Additional Authors,ISBN,ISBN13,My Rating,Average Rating,Publisher,Binding,Number of Pages,Year Published,Original Publication Year,Date Read,Date Added,Bookshelves,Bookshelves with positions,Exclusive Shelf,My Review,Spoiler,Private Notes,Read Count,Owned Copies
0,Dalla parte delle bambine,Elena Gianini Belotti,"Belotti, Elena Gianini",,,,0,0,Giangiacomo Feltrinelli Editore,Paperback,196,1973,,,2024/01/01,to-read,to-read (#1),to-read,,,,0,1
0,La solitudine dei numeri primi,Paolo Giordano,"Giordano, Paolo",,,,0,0,Mondolibri,Hardcover,312,2008,,,2024/01/01,to-read,to-read (#2),to-read,,,,0,1
0,La semantica,Pierre Guiraud,"Guiraud, Pierre",,,,0,0,Bompiani,Paperback,160,1973,,,2024/01/01,to-read,to-read (#3),to-read,,,,0,1
0,Almanacco illustrato del Calcio 1985,,,,,,4,0,Panini,Hardcover,604,1984,,,2024/01/01,to-read,to-read (#4),to-read,,,,0,1
0,Il libro dei giochi in casa,Odette-Aimèe Grandjean,"Grandjean, Odette-Aimèe",,,,3,0,Garzanti,Mass Market Paperback,170,1977,,,2024/01/01,to-read,to-read (#5),to-read,,,,0,1
0,Alien,Alan Dean Foster,"Foster, Alan Dean",,,,4,0,Fabbri Editori SCHEDA DOPPIA,Hardcover,,1995,,,2024/01/01,to-read,to-read (#6),to-read,,,,0,1
0,Enciclopedia della cucina mediterranea,Carla Bardi,"Bardi, Carla","Rosalba Gioffrè, Helen Farrell",,,5,0,Mondolibri,Hardcover,256,2004,,,2024/01/01,to-read,to-read (#7),to-read,,,,0,1
0,I classici dei Futura Book - Metal,Jon Hotten,"Hotten, Jon",Paul Elliot,,,1,0,Futura Publishing,Paperback,,1996,,,2024/01/01,to-read,to-read (#8),to-read,,,,0,1
0,Il dio del fiume,Wilbur Smith,"Smith, Wilbur",,,,0,0,Mondolibri,Hardcover,586,2003,,,2024/01/01,to-read,to-read (#9),to-read,,,,0,1
0,La Gerusalemme liberata,Torquato Tasso,"Tasso, Torquato",,,,0,0,Garzanti,Paperback,,1965,,,2024/01/01,to-read,to-read (#10),to-read,,,,0,1
0,Nascita del Superuomo,Theodore Sturgeon,"Sturgeon, Theodore",,,,0,0,A. Mondadori (Urania),Paperback,,1954,,,2024/01/01,to-read,to-read (#11),to-read,,,,0,1
0,L'innovazione tecnoludica,Matteo Bittanti,"Bittanti, Matteo",,,,0,0,Jackson Libri,Paperback,240,1999,,,2024/01/01,to-read,to-read (#12),to-read,,,,0,1
0,Io uccido,Giorgio Faletti,"Faletti, Giorgio",,,,0,0,Mondolibri,Hardcover,682,2004,,,2024/01/01,to-read,to-read (#13),to-read,,,,0,1
0,Preda,Michael Crichton,"Crichton, Michael",,,,3,0,Mondolibri,Hardcover,466,2003,,,2024/01/01,to-read,to-read (#14),to-read,,,,0,1
0,Alice nel paese delle meraviglie e nello specchio,Lewis Carroll,"Carroll, Lewis",,,,0,0,Club degli Editori,Hardcover,307,1970,,,2024/01/01,to-read,to-read (#15),to-read,,,,0,1
0,Uscita per l'inferno,Stephen King,"King, Stephen",,,,0,0,Mondolibri,Hardcover,326,2006,,,2024/01/01,to-read,to-read (#16),to-read,,,,0,1
0,La Estela de los Soles o Calendario Azteca,Fernando Díaz Infante,"Infante, Fernando Díaz",,,,0,0,Panorama,Paperback,163,1987,,,2024/01/01,to-read,to-read (#17),to-read,,,,0,1
0,Blaze,Stephen King,"King, Stephen",,,,0,0,Mondolibri,Hardcover,364,2007,,,2024/01/01,to-read,to-read (#18),to-read,,,,0,1
0,diccionario ritual de voces Nahuas,Adela Fernàndez,"Fernàndez, Adela",,,,3,0,Panorama Editorial,Paperback,,1985,,,2024/01/01,to-read,to-read (#19),to-read,,,,0,1
0,50 Masterpieces of Japanese Art,AA. VV.,"VV., AA.",,,,4,0,Tokyo Bijutsu,Paperback,127,,,,2024/01/01,to-read,to-read (#20),to-read,,,,0,1
0,L'acchiappasogni,Stephen King,"King, Stephen",,,,0,0,Mondolibri,Hardcover,,2001,,,2024/01/01,to-read,to-read (#21),to-read,,,,0,1
0,Fiabe e leggende della Val di Fassa,De Rossi Hugo,"Hugo, De Rossi",,,,0,0,Editrice Temi,Paperback,250,1985,,,2024/01/01,to-read,to-read (#22),to-read,,,,0,1
0,Il richiamo di Cthulhu,H. P. Lovecraft,"Lovecraft, H. P.",,,,0,0,Hobby & Work,Paperback,,1996,,,2024/01/01,to-read,to-read (#23),to-read,,,,0,1
0,Enciclopedia mondiale del fumetto,Maurice Horn,"Horn, Maurice",Luciano Secchi,,,0,0,Editoriale Corno,Hardcover,864,1978,,,2024/01/01,to-read,to-read (#24),to-read,,,,0,1
0,I segreti della cucina Volume 2,,,,,,0,0,Reader's Digest,Hardcover,479,1970,,,2024/01/01,to-read,to-read (#25),to-read,,,,0,1
0,I segreti della cucina Volume 1,Il Resto del Carlino,"Carlino, Il Resto del",,,,0,0,Reader's Digest,Hardcover,224,1970,,,2024/01/01,to-read,to-read (#26),to-read,,,,0,1
0,130 spaghetti all'ultimo minuto,Giò Pozzo,"Pozzo, Giò",,,,0,0,Sale & Pepe,Paperback,96,1993,,,2024/01/01,to-read,to-read (#27),to-read,,,,0,1
0,Riso & risotti,Barra Clelia,"Clelia, Barra",Tialiacos Cristina,,,0,0,L'U,Paperback,63,1998,,,2024/01/01,to-read,to-read (#28),to-read,,,,0,1
0,Cristoforo Colombo,Adriana Martinelli,"Martinelli, Adriana",Caterina Porcu Sanna,,,0,0,Edizioni RAI,Hardcover,65,1985,,,2024/01/01,to-read,to-read (#29),to-read,,,,0,1
0,I Documentari - Dolci,Lisa Biondi,"Biondi, Lisa",,,,0,0,De Agostini,Hardcover,64,1973,,,2024/01/01,to-read,to-read (#30),to-read,,,,0,1
0,I documentari - Verdure,Lisa Biondi,"Biondi, Lisa",,,,0,0,De Agostini,Hardcover,64,1973,,,2024/01/01,to-read,to-read (#31),to-read,,,,0,1
0,I documentari - Carni,Lisa Biondi,"Biondi, Lisa",,,,0,0,De Agostini,Hardcover,64,1970,,,2024/01/01,to-read,to-read (#32),to-read,,,,0,1
0,I documentari - Uova e pesci,Lisa Biondi,"Biondi, Lisa",,,,0,0,De Agostini,Hardcover,64,1969,,,2024/01/01,to-read,to-read (#33),to-read,,,,0,1
0,Orange Road 1,Izumi Matsumoto,"Matsumoto, Izumi",,,,2,0,Star Comics,Paperback,128,1992,,,2024/01/01,to-read,to-read (#34),to-read,,,,0,1
0,I difensori della Terra,Philip K. Dick,"Dick, Philip K.",,,,0,0,Fanucci (Futuro. Biblioteca di Fantascienza),Paperback,288,1977,,,2024/01/01,to-read,to-read (#35),to-read,,,,0,1
0,I segreti della cucina Volume 3,l resto del Carlino,"Carlino, l resto del",,,,3,0,Reader's Digest,Hardcover,719,1970,,,2024/01/01,to-read,to-read (#36),to-read,,,,0,1
0,Dylan Dog GdR - Labirinti di Paura,Marco Maggi,"Maggi, Marco","Nepitello Francesco, Enrico Pacciani",,,3,0,DAS Production,Paperback,60,1992,,,2024/01/01,to-read,to-read (#37),to-read,,,,0,1
0,La cucina italiana - Primi piatti,La Cucina Italiana,"Italiana, La Cucina",,,,3,0,Mondolibri,Hardcover,320,2005,,,2024/01/01,to-read,to-read (#38),to-read,,,,0,1
0,Neon Genesis Evangelion Illustration Book,Funatogawa Makoto,"Makoto, Funatogawa",,,,3,0,Planet Manga,Paperback,98,1998,,,2024/01/01,to-read,to-read (#39),to-read,,,,0,1
0,Slam Dunk Illustration Book,Takehiko Inoue,"Inoue, Takehiko",,,,3,0,Planet Manga,Others,106,1999,,,2024/01/01,to-read,to-read (#40),to-read,,,,0,1
0,Return of Nadia,AA. VV.,"VV., AA.",,,,3,0,Gainax,Softcover,272,,,,2024/01/01,to-read,to-read (#41),to-read,,,,0,1
0,Grammatica italiana di base,Pietro Trifone,"Trifone, Pietro",Massimo Palermo,,,4,0,Zanichelli - Mondolibri,Hardcover,334,2000,,,2024/01/01,to-read,to-read (#42),to-read,,,,0,1
0,Incubo,Wes Craven,"Craven, Wes",,,,0,0,Piemme,Paperback,457,2003,,,2024/01/01,to-read,to-read (#43),to-read,,,,0,1
0,Poesie,Sexton Anne,"Anne, Sexton",,,,0,0,L'U Multimedia,Paperback,76,1998,,,2024/01/01,to-read,to-read (#44),to-read,,,,0,1
0,Fiabe abruzzesi,Cecilia Gatto Trocchi & Giacoma Limentani,"Limentani, Cecilia Gatto Trocchi & Giacoma",,,,0,0,Mondadori,Paperback,264,1982,,,2024/01/01,to-read,to-read (#45),to-read,,,,0,1
0,A.Vallardi,G. Laurent,"Laurent, G.",,,,0,0,Garzanti,Paperback,,1989,,,2024/01/01,to-read,to-read (#46),to-read,,,,0,1
0,Perché la notte,James Ellroy,"Ellroy, James",,,,0,0,Arnoldo Mondadori Editore,Paperback,298,1998,,,2024/01/01,to-read,to-read (#47),to-read,,,,0,1
0,Guerre Stellari - Il Cimitero di Alderaan,Bill Slavicsek,"Slavicsek, Bill",,,,3,0,Stratelibri,Paperback,62,1994,,,2024/01/01,to-read,to-read (#48),to-read,,,,0,1
0,Dylan Dog GdR - Schermo dell'arbitro,Alessandro Ivanoff,"Ivanoff, Alessandro",,,,4,0,DAS Production,Paperback,,1991,,,2024/01/01,to-read,to-read (#49),to-read,,,,0,1
0,Il Gioco di Ruolo di Dylan Dog,Alessandro Ivanoff,"Ivanoff, Alessandro","Roberto Chiavini, Jacopo Garuglieri, Fabrizio Biasiolo, Michele Gianni",,,4,0,DAS Production,Paperback,,1991,,,2024/01/01,to-read,to-read (#50),to-read,,,,0,1
0,Guerre Stellari - Schermo del Game Master,Bill Olmesdahl,"Olmesdahl, Bill",,,,4,0,Stratelibri,Paperback,,1993,,,2024/01/01,to-read,to-read (#51),to-read,,,,0,1
0,Guerre Stellari - Il Gioco di Ruolo,Bill Smith,"Smith, Bill",,,,4,0,Stratelibri,Paperback,180,1993,,,2024/01/01,to-read,to-read (#52),to-read,,,,0,1
0,Dylan Dog GdR - Attraverso le linee,Alessandro Ivanoff,"Ivanoff, Alessandro",,,,3,0,DAS Production,Paperback,56,1992,,,2024/01/01,to-read,to-read (#53),to-read,,,,0,1
0,Almanacco italiano 1986,AA. VV.,"VV., AA.",,,,4,0,Giunti Marzocco,Paperback,,1985,,,2024/01/01,to-read,to-read (#54),to-read,,,,0,1
0,Nouveau Petit Larousse Illustré,AA. VV.,"VV., AA.",,,,4,0,Librairie Larousse Paris,Hardcover,,2008,,,2024/01/01,to-read,to-read (#55),to-read,,,,0,1
0,L'altra donna,Ed McBain,"McBain, Ed",,,,0,0,Arnoldo Mondadori Editore,Others,236,1998,,,2024/01/01,to-read,to-read (#56),to-read,,,,0,1
0,Il nominario,Stefano Benvenuti,"Benvenuti, Stefano",,,,3,0,Mondadori,Paperback,,1988,,,2024/01/01,to-read,to-read (#57),to-read,,,,0,1
0,The truth is out there,Brian Lowry,"Lowry, Brian",,,,1,0,,Paperback,,1996,,,2024/01/01,to-read,to-read (#58),to-read,,,,0,1
0,Dylan Dog GdR - Alta società,Roberto Chiavini,"Chiavini, Roberto","Stefania D'Alterio, Jacopo Garuglieri",,,3,0,DAS Production,Paperback,47,1991,,,2024/01/01,to-read,to-read (#59),to-read,,,,0,1
0,Il velocifero,Luigi Santucci,"Santucci, Luigi",,,,3,0,Mondadori,Paperback,,1990,,,2024/01/01,to-read,to-read (#60),to-read,,,,0,1
0,Ivanhoe,Sir Walter Scott,"Scott, Sir Walter",,,,3,0,Einaudi,Paperback,482,1987,,,2024/01/01,to-read,to-read (#61),to-read,,,,0,1
0,I duellanti,Joseph Conrad,"Conrad, Joseph",,,,4,0,l'Unità / Edizioni e/o,Paperback,95,1997,,,2024/01/01,to-read,to-read (#62),to-read,,,,0,1
0,"Omero, Iliade",Alessandro Baricco,"Baricco, Alessandro",,,,4,0,Mondolibri su licenza Feltrinelli,Hardcover,168,2005,,,2024/01/01,to-read,to-read (#63),to-read,,,,0,1
0,I promessi sposi,Alessandro Manzoni,"Manzoni, Alessandro",,,,3,0,Sansoni,Paperback,1110,1985,,,2024/01/01,to-read,to-read (#64),to-read,,,,0,1
0,Angiolo Volpe,,,,,,4,0,Centro Arte La Tesoriera,Paperback,,,,,2024/01/01,to-read,to-read (#65),to-read,,,,0,1
0,Le carte dell'Informale. Quinto volume,Adolfo Francesco Carozzi,"Carozzi, Adolfo Francesco",,,,3,0,Rima Editrice,Paperback,,2006,,,2024/01/01,to-read,to-read (#66),to-read,,,,0,1
0,Mega Salvi Show Book,Francesco Salvi,"Salvi, Francesco",,,,3,0,Fratelli Vallardi Edizioni,Paperback,,1989,,,2024/01/01,to-read,to-read (#67),to-read,,,,0,1
0,"La Vita, l'Universo e Tutto Quanto",Douglas Adams,"Adams, Douglas",,,,4,0,Mondadori (Urania Classici),Paperback,190,1994,,,2024/01/01,to-read,to-read (#68),to-read,,,,0,1
0,Ristorante al termine dell'Universo,Douglas Adams,"Adams, Douglas",,,,4,0,Mondadori (Urania Classici),Paperback,190,1993,,,2024/01/01,to-read,to-read (#69),to-read,,,,0,1
0,"Addio, e grazie per tutto il pesce",Douglas Adams,"Adams, Douglas",,,,5,0,Mondadori (Urania Classici),Paperback,159,1995,,,2024/01/01,to-read,to-read (#70),to-read,,,,0,1
0,Vampiri,Steakley John,"John, Steakley",,,,3,0,Mondadori (Urania - supplemento),Paperback,368,1998,,,2024/01/01,to-read,to-read (#71),to-read,,,,0,1
0,"Metà R, Metà S",Kit Reed,"Reed, Kit",Robert Silverberg,,,3,0,Mondadori (Urania),Paperback,166,1969,,,2024/01/01,to-read,to-read (#72),to-read,,,,0,1
0,Non lasciarmi,Kazuo Ishiguro,"Ishiguro, Kazuo",,,,0,0,Mondolibri,Hardcover,291,2006,,,2024/01/01,to-read,to-read (#73),to-read,,,,0,1
0,L'invasione degli ultracorpi,Jack Finney,"Finney, Jack",,,,3,0,Lanterna Magica,Paperback,,1976,,,2024/01/01,to-read,to-read (#74),to-read,,,,0,1
0,Anteo Stories,AA. VV.,"VV., AA.",,,,0,0,Editrice Il Castoro,Paperback,,1997,,,2024/01/01,to-read,to-read (#75),to-read,,,,0,1
0,La Bibbia di Gerusalemme,Gianfranco Ravasi,"Ravasi, Gianfranco",,,,0,0,RCS,Hardcover,,2006,,,2024/01/01,to-read,to-read (#76),to-read,,,,0,1
0,Il re dei torti,John Grisham,"Grisham, John",,,,0,0,Mondolibri,Hardcover,340,2003,,,2024/01/01,to-read,to-read (#77),to-read,,,,0,1
0,Gli uomini della cometa,Jack Williamson,"Williamson, Jack",,,,0,0,Mondadori (Urania),Paperback,160,1953,,,2024/01/01,to-read,to-read (#78),to-read,,,,0,1
0,Gli schiavi degli abissi,Kenneth Bulmer,"Bulmer, Kenneth",,,,0,0,Mondadori (Urania),Paperback,,1959,,,2024/01/01,to-read,to-read (#79),to-read,,,,0,1
0,Millemondi Estate 1998: Fantasex,P. Kettridge Jr.,"Jr., P. Kettridge","Pat Murphy, Geoff Ryman, Ed Bryant, Rick Wilber, K. W. Jeter, Michaela Roessner, Leigh Kennedy, Pat Cadigan, Richard Matheson, Harlan Ellison, Larry Niven, Lisa Tuttle, Lewis Shiner, Connie Willis, Philip Jose Farmer, Scott Baker, Roberta Lannes, James Tiptree Jr., Bruce McAllister",,,0,0,A. Mondadori (Urania),Paperback,352,1998,,,2024/01/01,to-read,to-read (#80),to-read,,,,0,1
0,Follia per sette clan,Philip K. Dick,"Dick, Philip K.",,,,0,0,A. Mondadori (Urania),Paperback,252,1998,,,2024/01/01,to-read,to-read (#81),to-read,,,,0,1
0,Il terrore dalla sesta luna,Robert A. Heinlein,"Heinlein, Robert A.",,,,0,0,A. Mondadori (Urania),Paperback,160,1952,,,2024/01/01,to-read,to-read (#82),to-read,,,,0,1
0,L'ora di ottanta minuti,Brian Aldiss,"Aldiss, Brian",,,,0,0,Mondadori (Urania),Paperback,316,1997,,,2024/01/01,to-read,to-read (#83),to-read,,,,0,1
0,Lord Darcy / 1,Randall Garrett,"Garrett, Randall",,,,0,0,A. Mondadori (Urania),Paperback,380,2008,,,2024/01/01,to-read,to-read (#84),to-read,,,,0,1
0,I mercanti dello spazio,C.M. Kornbluth,"Kornbluth, C.M.",Frederik Pohl,,,0,0,Mondadori (Urania Collezione),Paperback,220,2004,,,2024/01/01,to-read,to-read (#85),to-read,,,,0,1
0,Mirrorshades,William Gibson,"Gibson, William","Greg Bear, Marc Laidlaw, John Shirley, Paul Di Filippo, Tom Maddox, Lewis Shiner, James Patrick Kelly, Pat Cadigan, Rudy Rucker, Bruce Sterling",,,0,0,Mondadori (Urania Collezione),Paperback,360,2003,,,2024/01/01,to-read,to-read (#86),to-read,,,,0,1
0,La città e le stelle,Arthur C. Clarke,"Clarke, Arthur C.",,,,0,0,Mondadori (Urania),Paperback,128,1957,,,2024/01/01,to-read,to-read (#87),to-read,,,,0,1
0,Vendetta,George Jonas,"Jonas, George",,,,0,0,Mondolibri,Hardcover,480,2007,,,2024/01/01,to-read,to-read (#88),to-read,,,,0,1
0,Relic,Douglas Preston,"Preston, Douglas",Lincoln Child,,,0,0,Rizzoli (BUR) - Corriere della Sera,Paperback,378,1998,,,2024/01/01,to-read,to-read (#89),to-read,,,,0,1
0,Orzowei,Alberto Manzi,"Manzi, Alberto",,,,0,0,Bompiani,Paperback,,1978,,,2024/01/01,to-read,to-read (#90),to-read,,,,0,1
0,"Dolce, cara Audrina",Virginia Andrews,"Andrews, Virginia",,,,0,0,Fabbri Editori,Hardcover,,1995,,,2024/01/01,to-read,to-read (#91),to-read,,,,0,1
0,Dersu Uzala,Vladimir K. Arsen'ev,"Arsen'ev, Vladimir K.",,,,0,0,Mursia,Paperback,216,1986,,,2024/01/01,to-read,to-read (#92),to-read,,,,0,1
0,Nuvola Rossa e il suo popolo,George E. Hyde,"Hyde, George E.",,,,0,0,Mondolibri,Hardcover,406,2004,,,2024/01/01,to-read,to-read (#93),to-read,,,,0,1
0,Introduzione alla semantica,Tullio De Mauro,"Mauro, Tullio De",,,,0,0,Universale Laterza,Paperback,,1970,,,2024/01/01,to-read,to-read (#94),to-read,,,,0,1
0,Stupid White Men,Michael Moore,"Moore, Michael",,,,0,0,Mondolibri,Hardcover,,2004,,,2024/01/01,to-read,to-read (#95),to-read,,,,0,1
0,Il ferroviere e il golden gol,Carlo D'Amicis,"D'Amicis, Carlo",,,,0,0,L'Unità / Transeuropa,Paperback,92,1999,,,2024/01/01,to-read,to-read (#96),to-read,,,,0,1
0,I racconti di Zeta,AA. VV.,"VV., AA.",,,,0,0,Studio Vit,Paperback,,1998,,,2024/01/01,to-read,to-read (#97),to-read,,,,0,1
0,Scene di caccia,Roger Peyrefitte,"Peyrefitte, Roger",,,,0,0,Garzanti,Paperback,,1978,,,2024/01/01,to-read,to-read (#98),to-read,,,,0,1
0,Tecnospie,Robert Farr,"Farr, Robert",,,,0,0,Garzanti,Paperback,,1975,,,2024/01/01,to-read,to-read (#99),to-read,,,,0,1
0,L'uomo delle caramelle,Jack Olsen,"Olsen, Jack",,,,0,0,Garzanti,Paperback,,1976,,,2024/01/01,to-read,to-read (#100),to-read,,,,0,1
0,Siamo vostri figli,Robert Meeropol,"Meeropol, Robert",Michael Meeropol,,,0,0,Garzanti,Paperback,487,1976,,,2024/01/01,to-read,to-read (#101),to-read,,,,0,1
0,I giorni della fine,Bob Woodward,"Woodward, Bob",Carl Bernstein,,,0,0,Garzanti,Paperback,,1977,,,2024/01/01,to-read,to-read (#102),to-read,,,,0,1
0,Martin Luther King,Martin Luther King,"King, Martin Luther",,,,0,0,Famiglia Cristiana - Arnoldo Mondadori,Hardcover,395,2001,,,2024/01/01,to-read,to-read (#103),to-read,,,,0,1
0,The Plot,Irving Wallace,"Wallace, Irving",,,,0,0,Pocket Books,Paperback,,1968,,,2024/01/01,to-read,to-read (#104),to-read,,,,0,1
0,Le montagne della follia,H. P. Lovecraft,"Lovecraft, H. P.",,,,0,0,Hobby & Work (I Classici del Fantastico),Paperback,97,1997,,,2024/01/01,to-read,to-read (#105),to-read,,,,0,1
0,L'ombra venuta dal tempo,H. P. Lovecraft,"Lovecraft, H. P.",,,,0,0,Hobby & Work,Paperback,,1997,,,2024/01/01,to-read,to-read (#106),to-read,,,,0,1
0,I documentari - Primi piatti,Lisa Biondi,"Biondi, Lisa",,,,0,0,De Agostini,Hardcover,64,1969,,,2024/01/01,to-read,to-read (#107),to-read,,,,0,1
0,I documentari - Antipasti e salse,Lisa Biondi,"Biondi, Lisa",,,,0,0,De Agostini,Hardcover,64,1969,,,2024/01/01,to-read,to-read (#108),to-read,,,,0,1
0,Riso,,,,,,0,0,Ciesseprint,Paperback,48,2006,,,2024/01/01,to-read,to-read (#109),to-read,,,,0,1
0,Saper mangiare,Dominique Rosel,"Rosel, Dominique",,,,0,0,Edizioni Pegasus,Paperback,259,1990,,,2024/01/01,to-read,to-read (#110),to-read,,,,0,1
0,Kadath,H. P. Lovecraft,"Lovecraft, H. P.",,,,0,0,Hobby & Work,Paperback,97,1997,,,2024/01/01,to-read,to-read (#111),to-read,,,,0,1
0,Universo,Robert A. Heinlein,"Heinlein, Robert A.",,,,0,0,A. Mondadori (Urania),Paperback,156,1965,,,2024/01/01,to-read,to-read (#112),to-read,,,,0,1
0,Cent'anni di solitudine,Gabriel Garcia Marquez,"Marquez, Gabriel Garcia",,,,0,0,Oscar Mondadori,Paperback,377,1983,,,2024/01/01,to-read,to-read (#113),to-read,,,,0,1
0,Come cucinare giapponese,Antonella Palazzi,"Palazzi, Antonella",,,,3,0,Gruppo Editoriale Fabbri,Paperback,116,1980,,,2024/01/01,to-read,to-read (#114),to-read,,,,0,1
0,Orizzonte,Wilbur Smith,"Smith, Wilbur",,,,0,0,Mondolibri,Hardcover,647,2003,,,2024/01/01,to-read,to-read (#115),to-read,,,,0,1
0,"Jolanda, la figlia del corsaro nero",Emilio Salgari,"Salgari, Emilio",,,,0,0,Garzanti,Paperback,,1976,,,2024/01/01,to-read,to-read (#116),to-read,,,,0,1
0,Cent'anni di solitudine,Gabriel Garcia Marquez,"Marquez, Gabriel Garcia",,,,0,0,Feltrinelli,Paperback,,1981,,,2024/01/01,to-read,to-read (#117),to-read,,,,0,1
0,Serial Killer,Carlo Lucarelli,"Lucarelli, Carlo",Massimo Picozzi,,,0,0,Mondolibri,Hardcover,219,2005,,,2024/01/01,to-read,to-read (#118),to-read,,,,0,1
0,El Mundo de Los Aztecos,Denise Còrdova Just,"Just, Denise Còrdova",,,,0,0,Editorial Villicana,Paperback,,1987,,,2024/01/01,to-read,to-read (#119),to-read,,,,0,1
0,Grupos étnicos de México,Instituto Nacional Indigenista,"Indigenista, Instituto Nacional",,,,0,0,Instituto Nacional Indigenista,Paperback,,1988,,,2024/01/01,to-read,to-read (#120),to-read,,,,0,1
0,La formazione dei concetti e delle teorie nella scienza empirica,Carl Gustav Hempel,"Hempel, Carl Gustav",,,,0,0,"Feltrinelli (Filosofia della scienza, 4)",Hardcover,186,1961,,,2024/01/01,to-read,to-read (#121),to-read,,,,0,1
0,Storia della tortura,Franco Di Bella,"Bella, Franco Di",,,,0,0,Sugar,Hardcover,,1961,,,2024/01/01,to-read,to-read (#122),to-read,,,,0,1
0,Luna park Rwanda,Ciko,"Ciko, ",,,,0,0,S.p.A. Tipografica Sociale - Monza,Paperback,,2000,,,2024/01/01,to-read,to-read (#123),to-read,,,,0,1
0,Logica e aritmetica,Gottlob Frege,"Frege, Gottlob",,,,0,0,Boringhieri,Paperback,608,1965,,,2024/01/01,to-read,to-read (#124),to-read,,,,0,1
0,Il fantasma dello spazio,Jack Williamson,"Williamson, Jack",Frederik Pohl,,,0,0,Mondadori (Urania Classici),Paperback,200,2001,,,2024/01/01,to-read,to-read (#125),to-read,,,,0,1
0,Lo straniero,L. P. Davies,"Davies, L. P.",,,,0,0,Mondadori (Urania),Paperback,178,1969,,,2024/01/01,to-read,to-read (#126),to-read,,,,0,1
0,La terza mano,Larry Niven,"Niven, Larry",,,,0,0,A. Mondadori (Urania),Paperback,176,1987,,,2024/01/01,to-read,to-read (#127),to-read,,,,0,1
0,La storia futura - Volume 2,Robert A. Heinlein,"Heinlein, Robert A.",,,,0,0,Mondadori (Urania Classici),Paperback,206,1998,,,2024/01/01,to-read,to-read (#128),to-read,,,,0,1
0,La lampada dell'amore,Brian W. Aldiss,"Aldiss, Brian W.",,,,0,0,Mondadori (Urania Classici),Paperback,254,1997,,,2024/01/01,to-read,to-read (#129),to-read,,,,0,1
0,Il salmone del dubbio,Douglas Adams,"Adams, Douglas",,,,0,0,Mondadori (Urania),Paperback,308,2004,,,2024/01/01,to-read,to-read (#130),to-read,,,,0,1
0,La scomparsa dei fatti,Marco Travaglio,"Travaglio, Marco",,,,0,0,Mondolibri,Paperback,316,2007,,,2024/01/01,to-read,to-read (#131),to-read,,,,0,1
0,A noi vivi,Robert A. Heinlein,"Heinlein, Robert A.",,,,0,0,A. Mondadori (Urania),Paperback,296,2005,,,2024/01/01,to-read,to-read (#132),to-read,,,,0,1
0,Tecnoflagello,David Herter,"Herter, David",,,,0,0,Mondadori (Urania),Paperback,,2001,,,2024/01/01,to-read,to-read (#133),to-read,,,,0,1
0,Redenzione immorale,Philip K. Dick,"Dick, Philip K.",,,,0,0,A. Mondadori (Urania),Paperback,146,1986,,,2024/01/01,to-read,to-read (#134),to-read,,,,0,1
0,I figli di Matusalemme,Robert A. Heinlein,"Heinlein, Robert A.",,,,0,0,Mondadori,Paperback,236,2003,,,2024/01/01,to-read,to-read (#135),to-read,,,,0,1
0,La pattuglia del tempo - vol. 1,Poul Anderson,"Anderson, Poul",,,,0,0,A. Mondadori (Urania),Paperback,346,2005,,,2024/01/01,to-read,to-read (#136),to-read,,,,0,1
0,Pianeta stregato,Larry Niven,"Niven, Larry",David Gerrold,,,0,0,A. Mondadori (Urania),Paperback,368,1998,,,2024/01/01,to-read,to-read (#137),to-read,,,,0,1
0,Il clandestino dello spazio,Charles Eric Maine,"Maine, Charles Eric",,,,0,0,A. Mondadori (Urania),Paperback,128,1956,,,2024/01/01,to-read,to-read (#138),to-read,,,,0,1
0,Le sentinelle del cielo,Eric Frank Russell,"Russell, Eric Frank",,,,0,0,Mondadori (Urania),Paperback,172,1967,,,2024/01/01,to-read,to-read (#139),to-read,,,,0,1
0,Appuntamento nel tempo,Richard Matheson,"Matheson, Richard",,,,4,0,Mondadori (Urania Classici),Paperback,304,1997,,,2024/01/01,to-read,to-read (#140),to-read,,,,0,1
0,Non buttiamoci giù,Nick Hornby,"Hornby, Nick",,,,0,0,Mondolibri S.p.a Milano,Hardcover,295,2005,,,2024/01/01,to-read,to-read (#141),to-read,,,,0,1
0,A. I. Intelligenza artificiale,Brian Aldiss,"Aldiss, Brian",,,,0,0,Mondadori (Urania),Paperback,256,2001,,,2024/01/01,to-read,to-read (#142),to-read,,,,0,1
0,Cittadino della galassia,Robert A. Heinlein,"Heinlein, Robert A.",,,,0,0,Mondadori (Urania Collezione),Paperback,314,2005,,,2024/01/01,to-read,to-read (#143),to-read,,,,0,1
0,I fiori di Marte,Ray Bradbury,"Bradbury, Ray",,,,0,0,Mondadori (Urania),Paperback,268,1998,,,2024/01/01,to-read,to-read (#144),to-read,,,,0,1
0,Assedio all'eternità,Frederik Pohl,"Pohl, Frederik",,,,0,0,Mondadori (Urania),Paperback,362,1998,,,2024/01/01,to-read,to-read (#145),to-read,,,,0,1
0,Alien. Dentro l'alveare,Robert Sheckley,"Sheckley, Robert",,,,0,0,Mondadori (Urania),Paperback,246,1996,,,2024/01/01,to-read,to-read (#146),to-read,,,,0,1
0,The Witcher,Andrzej Sapkowski,"Sapkowski, Andrzej",,,,0,0,CDPROJEKT,Mass Market Paperback,48,0101,,,2024/01/01,to-read,to-read (#147),to-read,,,,0,1
0,I figli di Medusa,Theodore Sturgeon,"Sturgeon, Theodore",,,,3,0,Mondadori (Urania Collezione),Paperback,176,2004,,2007/11/26,2007/11/26,read,,read,,,,1,1
0,American Gods,Neil Gaiman,"Gaiman, Neil",,,,0,0,A. Mondadori (Urania),Paperback,584,2003,,,2024/01/01,to-read,to-read (#148),to-read,,,,0,1
0,Romance,Ed McBain,"McBain, Ed",,,,3,0,Arnoldo Mondadori,Paperback,314,1998,,,2024/01/01,to-read,to-read (#149),to-read,,,,0,1
0,La casa dalle finestre nere,Clifford D. Simak,"Simak, Clifford D.",,,,3,0,Mondadori (Urania Classici),Paperback,173,1991,,,2024/01/01,to-read,to-read (#150),to-read,,,,0,1
0,Slan,Alfred Elton Van Vogt,"Vogt, Alfred Elton Van",,,,0,0,Mondadori (Urania Collezione),Paperback,263,2003,,,2024/01/01,to-read,to-read (#151),to-read,,,,0,1
0,I segreti erotici dei grandi Chef,Irvine Welsh,"Welsh, Irvine",,,,0,0,Mondolibri,Paperback,433,2007,,,2024/01/01,to-read,to-read (#152),to-read,,,,0,1
0,Alice's Adventures in Wonderland,Lewis Carroll,"Carroll, Lewis",,,,0,0,,eBook,,0101,,,2024/01/01,to-read,to-read (#153),to-read,,,,0,1
0,Pride and Prejudice,Jane Austen,"Austen, Jane",,,,0,0,,eBook,,0101,,,2024/01/01,to-read,to-read (#154),to-read,,,,0,1
0,The Adventures of Sherlock Holmes,Arthur Conan Doyle,"Doyle, Arthur Conan",,,,0,0,,eBook,,0101,,,2024/01/01,to-read,to-read (#155),to-read,,,,0,1
0,La cucina senegalese,Penda Thiam,"Thiam, Penda",,,,0,0,Giovane Africa Edizioni,Paperback,81,2010,,,2024/01/01,to-read,to-read (#156),to-read,,,,0,1
0,Buick 8,Stephen King,"King, Stephen",,,,0,0,Mondolibri su licenza Sperling & Kupfer,Hardcover,358,2003,,,2024/01/01,to-read,to-read (#157),to-read,,,,0,1
0,La donna del fiume,Candace Robb,"Robb, Candace",,,,0,0,Piemme,Paperback,420,2009,,,2024/01/01,to-read,to-read (#158),to-read,,,,0,1
0,Io sono leggenda,Richard Matheson,"Matheson, Richard",,,,5,0,A. Mondadori (Urania),Paperback,218,1996,,,2024/01/01,to-read,to-read (#159),to-read,,,,0,1
0,Il nuovo bambino,Marcello Bernardi,"Bernardi, Marcello",,,,4,0,Milano Libri Edizioni,Hardcover,733,1974,,2015/08/22,2015/08/22,read,,read,"Chiaramente su molti aspetti è un po' invecchiato e quando si parla di ""equipaggiamento"", malattie e altri aspetti ""tecnici"" è meglio rivolgersi a testi più moderni, ma dal punto di vista della ""filosofia"" educativa e dell'approccio all'educazione ha tanto da dire e lo fa in maniera molto piacevole.",,,1,1
0,Da zero a tre anni,Piero Angela,"Angela, Piero",,,,3,0,Garzanti,Hardcover,286,1973,,2015/10/16,2015/10/16,read,,read,"Interessante e scritto in maniera molto chiara e comprensibile, ma veramente troppo datato su tanti aspetti.",,,1,1
0,Esperimenti scientifici da fare per gioco,Ian Graham,"Graham, Ian",Mike Goldsmith,,,0,0,Le Scienze / Dorling Kindersley Limited,Hardcover,144,2015,,,2024/01/01,to-read,to-read (#160),to-read,,,,0,1
0,Corso di navigazione dei Glénans,AA. VV.,"VV., AA.",,,,0,0,Mursia,Hardcover,944,1987,,,2024/01/01,to-read,to-read (#161),to-read,,,,0,1
0,Lady Chatterley's Lover,D. H. Lawrence,"Lawrence, D. H.",,,,0,0,Penguin Books,Paperback,317,1960,,,2024/01/01,to-read,to-read (#162),to-read,,,,0,1
0,Zanna Bianca,Jack London,"London, Jack",,,,0,0,Edizioni Corraini per Festivaletteratura,Paperback,281,2010,,,2024/01/01,to-read,to-read (#163),to-read,,,,0,1
0,BioShock,Nicolas Courcier,"Courcier, Nicolas","Mehdi El Kanafi, Raphaël Lucas",,,4.5,0,Third Editions,Hardcover,192,2018,,2019/01/26,2019/01/26,read,,read,"Un bell'approfondimento, che analizza e interpreta l'intera serie parlando di struttura, meccaniche, narrazione, riferimenti culturali, temi, processo di sviluppo, influenza sul settore.",,,1,1
0,Storia del cinema italiano 1895 - 1945,Gian Piero Brunetta,"Brunetta, Gian Piero",,,,0,0,Editori Riuniti,Hardcover,624,1979,,,2024/01/01,to-read,to-read (#164),to-read,,,,0,1
0,Il giro del mondo in 80 giorni,Jules Verne,"Verne, Jules",,,,4,0,Mursia,Paperback,,1992,,2020/06/03,2020/06/03,read,,read,"Certi aspetti, a rileggerlo oggi, sono veramente da unghie sulla lavagna, stile avviso prima della visione su HBO, ma insomma, sono figli del loro tempo. La storia, però, è molto coinvolgente e tutti i passaggi in cui descrive i luoghi sono affascinanti, seppur anch'essi datati. Mia figlia di quattro anni e mezzo ha apprezzato, tenendo comunque conto che ho semplificato per lei le descrizioni più incasinate e ho girato attorno a certe robe che preferisco non senta, almeno per ora.",,,1,1
0,Il mercato delle spie,Thomas Ross,"Ross, Thomas",,,,0,0,,Mass Market Paperback,,0101,,,2024/01/01,to-read,to-read (#165),to-read,,,,0,1
